Value,Count,class,class_2006,class_2010,mapped_med,mapped_min,mapped_max,mapped_ci,estima_med,estima_min,estima_max,estima_ci,total_med,total_min,total_max,total_ci,soil_med,soil_min,soil_max,soil_ci,bmass_med,bmass_min,bmass_max,bmass_ci,ch4_med,ch4_min,ch4_max,ch4_ci
39,3,High Intensity Developed to Palustrine Scrub/Shrub Wetland,High Intensity Developed,Palustrine Scrub/Shrub Wetland,2,1,2,1,2.611909976,1.277456178,3.101009919,1.334453798,0.874045304,0.249552375,2.069706671,1.820154295,0.250701925,0.201037955,0.311142312,0.110104357,0.923596375,0.402435632,2.138336313,1.735900681,-0.282936554,-0.688383662,-0.115942154,0.572441508
40,19,High Intensity Developed to Palustrine Emergent Wetland,High Intensity Developed,Palustrine Emergent Wetland,13,12,15,3,20.94056117,17.6310558,24.71805124,3.30950537,0.125728666,-0.321011429,0.323803482,0.644814911,0.278090442,0.222655242,0.348297716,0.125642474,0.162032108,0.142232896,0.184572448,0.042339552,-0.315202912,-0.766932236,-0.129964583,0.636967653
41,3,High Intensity Developed to Estuarine Forested Wetland,High Intensity Developed,Estuarine Forested Wetland,3,3,3,0,3.907035651,3.356610011,4.333649886,0.55042564,9.130717762,7.184912666,11.55268852,4.367775857,0.230919314,0.18296341,0.288570337,0.105606926,9.065147009,7.128011206,11.48011601,4.352104809,-0.168484212,-0.285041523,-0.055610862,0.229430662
42,1,High Intensity Developed to Estuarine Scrub/Shrub Wetland,High Intensity Developed,Estuarine Scrub/Shrub Wetland,1,1,1,0,1.109796008,0.81284231,1.533696218,0.296953698,0.789332059,0.342010596,1.85417392,1.512163323,0.19839699,0.137761561,0.287731137,0.149969576,0.73095074,0.303457625,1.784197294,1.48073967,-0.143272869,-0.271112324,-0.046837589,0.224274735
43,363,High Intensity Developed to Estuarine Emergent Wetland,High Intensity Developed,Estuarine Emergent Wetland,363,363,363,0,482.9077249,434.2681539,538.414299,48.63957096,0.203006937,0.076939344,0.332537524,0.255598179,0.237189505,0.191284374,0.295088067,0.103803693,0.138221625,0.122683539,0.155478268,0.03279473,-0.174107163,-0.292851274,-0.056983797,0.235867477
63,5,Medium Intensity Developed to Palustrine Forested Wetland,Medium Intensity Developed,Palustrine Forested Wetland,2,1,3,2,2.78238022,1.404400167,4.341283583,1.377980053,9.410331294,7.546473581,11.83479946,4.288325876,0.241512738,0.196875288,0.297028722,0.100153434,9.473478224,7.636005644,11.88152101,4.245515362,-0.273417424,-0.664253901,-0.112624018,0.551629884
64,22,Medium Intensity Developed to Palustrine Scrub/Shrub Wetland,Medium Intensity Developed,Palustrine Scrub/Shrub Wetland,11,9,13,4,15.01507296,11.86857717,18.44501135,3.146495782,0.874045304,0.249552375,2.069706671,1.820154295,0.250701925,0.201037955,0.311142312,0.110104357,0.923596375,0.402435632,2.138336313,1.735900681,-0.282936554,-0.688383662,-0.115942154,0.572441508
65,72,Medium Intensity Developed to Palustrine Emergent Wetland,Medium Intensity Developed,Palustrine Emergent Wetland,44,40,48,8,68.88379426,59.08380814,80.27484305,9.799986116,0.125728666,-0.321011429,0.323803482,0.644814911,0.278090442,0.222655242,0.348297716,0.125642474,0.162032108,0.142232896,0.184572448,0.042339552,-0.315202912,-0.766932236,-0.129964583,0.636967653
66,1,Medium Intensity Developed to Estuarine Forested Wetland,Medium Intensity Developed,Estuarine Forested Wetland,1,1,1,0,1.302345217,1.118870004,1.444549962,0.183475213,9.130717762,7.184912666,11.55268852,4.367775857,0.230919314,0.18296341,0.288570337,0.105606926,9.065147009,7.128011206,11.48011601,4.352104809,-0.168484212,-0.285041523,-0.055610862,0.229430662
67,3,Medium Intensity Developed to Estuarine Scrub/Shrub Wetland,Medium Intensity Developed,Estuarine Scrub/Shrub Wetland,3,3,3,0,3.329388024,2.438526929,4.601088653,0.890861095,0.789332059,0.342010596,1.85417392,1.512163323,0.19839699,0.137761561,0.287731137,0.149969576,0.73095074,0.303457625,1.784197294,1.48073967,-0.143272869,-0.271112324,-0.046837589,0.224274735
68,529,Medium Intensity Developed to Estuarine Emergent Wetland,Medium Intensity Developed,Estuarine Emergent Wetland,529,529,529,0,703.7415605,632.8591004,784.6313063,70.88246017,0.203006937,0.076939344,0.332537524,0.255598179,0.237189505,0.191284374,0.295088067,0.103803693,0.138221625,0.122683539,0.155478268,0.03279473,-0.174107163,-0.292851274,-0.056983797,0.235867477
88,100,Low Intensity Developed to Palustrine Forested Wetland,Low Intensity Developed,Palustrine Forested Wetland,65,61,70,9,88.34909652,79.34199464,98.51160607,9.007101879,9.410331294,7.546473581,11.83479946,4.288325876,0.241512738,0.196875288,0.297028722,0.100153434,9.473478224,7.636005644,11.88152101,4.245515362,-0.273417424,-0.664253901,-0.112624018,0.551629884
89,117,Low Intensity Developed to Palustrine Scrub/Shrub Wetland,Low Intensity Developed,Palustrine Scrub/Shrub Wetland,54,47,60,13,75.21315335,63.55620373,88.32437452,11.65694962,0.874045304,0.249552375,2.069706671,1.820154295,0.250701925,0.201037955,0.311142312,0.110104357,0.923596375,0.402435632,2.138336313,1.735900681,-0.282936554,-0.688383662,-0.115942154,0.572441508
90,274,Low Intensity Developed to Palustrine Emergent Wetland,Low Intensity Developed,Palustrine Emergent Wetland,160,151,168,17,248.7470847,218.0323324,284.0728175,30.71475231,0.125728666,-0.321011429,0.323803482,0.644814911,0.278090442,0.222655242,0.348297716,0.125642474,0.162032108,0.142232896,0.184572448,0.042339552,-0.315202912,-0.766932236,-0.129964583,0.636967653
91,5,Low Intensity Developed to Estuarine Forested Wetland,Low Intensity Developed,Estuarine Forested Wetland,5,5,5,0,6.511726085,5.594350018,7.222749811,0.917376067,9.130717762,7.184912666,11.55268852,4.367775857,0.230919314,0.18296341,0.288570337,0.105606926,9.065147009,7.128011206,11.48011601,4.352104809,-0.168484212,-0.285041523,-0.055610862,0.229430662
92,21,Low Intensity Developed to Estuarine Scrub/Shrub Wetland,Low Intensity Developed,Estuarine Scrub/Shrub Wetland,21,21,21,0,23.30571617,17.0696885,32.20762057,6.236027665,0.789332059,0.342010596,1.85417392,1.512163323,0.19839699,0.137761561,0.287731137,0.149969576,0.73095074,0.303457625,1.784197294,1.48073967,-0.143272869,-0.271112324,-0.046837589,0.224274735
93,979,Low Intensity Developed to Estuarine Emergent Wetland,Low Intensity Developed,Estuarine Emergent Wetland,979,979,979,0,1302.3875,1171.208052,1452.087049,131.179449,0.203006937,0.076939344,0.332537524,0.255598179,0.237189505,0.191284374,0.295088067,0.103803693,0.138221625,0.122683539,0.155478268,0.03279473,-0.174107163,-0.292851274,-0.056983797,0.235867477
113,161,Developed Open Space to Palustrine Forested Wetland,Developed Open Space,Palustrine Forested Wetland,71,64,78,14,96.84648067,84.61014023,109.9097124,12.23634044,9.410331294,7.546473581,11.83479946,4.288325876,0.241512738,0.196875288,0.297028722,0.100153434,9.473478224,7.636005644,11.88152101,4.245515362,-0.273417424,-0.664253901,-0.112624018,0.551629884
114,248,Developed Open Space to Palustrine Scrub/Shrub Wetland,Developed Open Space,Palustrine Scrub/Shrub Wetland,134,126,142,16,188.3189883,164.078009,213.5617793,24.24097932,0.874045304,0.249552375,2.069706671,1.820154295,0.250701925,0.201037955,0.311142312,0.110104357,0.923596375,0.402435632,2.138336313,1.735900681,-0.282936554,-0.688383662,-0.115942154,0.572441508
115,246,Developed Open Space to Palustrine Emergent Wetland,Developed Open Space,Palustrine Emergent Wetland,122,112,132,20,189.6437148,164.0318246,218.6691746,25.61189022,0.125728666,-0.321011429,0.323803482,0.644814911,0.278090442,0.222655242,0.348297716,0.125642474,0.162032108,0.142232896,0.184572448,0.042339552,-0.315202912,-0.766932236,-0.129964583,0.636967653
116,5,Developed Open Space to Estuarine Forested Wetland,Developed Open Space,Estuarine Forested Wetland,5,5,5,0,6.511726085,5.594350018,7.222749811,0.917376067,9.130717762,7.184912666,11.55268852,4.367775857,0.230919314,0.18296341,0.288570337,0.105606926,9.065147009,7.128011206,11.48011601,4.352104809,-0.168484212,-0.285041523,-0.055610862,0.229430662
117,44,Developed Open Space to Estuarine Scrub/Shrub Wetland,Developed Open Space,Estuarine Scrub/Shrub Wetland,44,44,44,0,48.83102436,35.76506163,67.48263358,13.06596273,0.789332059,0.342010596,1.85417392,1.512163323,0.19839699,0.137761561,0.287731137,0.149969576,0.73095074,0.303457625,1.784197294,1.48073967,-0.143272869,-0.271112324,-0.046837589,0.224274735
118,447,Developed Open Space to Estuarine Emergent Wetland,Developed Open Space,Estuarine Emergent Wetland,447,447,447,0,594.654967,534.7599581,663.0060376,59.89500887,0.203006937,0.076939344,0.332537524,0.255598179,0.237189505,0.191284374,0.295088067,0.103803693,0.138221625,0.122683539,0.155478268,0.03279473,-0.174107163,-0.292851274,-0.056983797,0.235867477
138,888,Cultivated to Palustrine Forested Wetland,Cultivated,Palustrine Forested Wetland,376,358,393,35,508.5086596,460.7349561,559.8941995,47.77370348,9.269507213,7.407486843,11.69823382,4.290746976,0.241512738,0.196875288,0.297028722,0.100153434,9.332544311,7.502178304,11.73674037,4.234562067,-0.273417424,-0.664253901,-0.112624018,0.551629884
139,3336,Cultivated to Palustrine Scrub/Shrub Wetland,Cultivated,Palustrine Scrub/Shrub Wetland,1800,1775,1826,51,2530.821185,2249.283455,2832.50733,281.5377305,0.728243666,0.104468666,1.922006823,1.817538157,0.250701925,0.201037955,0.311142312,0.110104357,0.776919447,0.258700556,1.992933794,1.734233238,-0.282936554,-0.688383662,-0.115942154,0.572441508
140,2244,Cultivated to Palustrine Emergent Wetland,Cultivated,Palustrine Emergent Wetland,2033,2025,2041,16,3170.970275,2818.957758,3571.020811,352.012517,-0.036687574,-0.485565797,0.159366775,0.644932572,0.278090442,0.222655242,0.348297716,0.125642474,0,0,0,0,-0.315202912,-0.766932236,-0.129964583,0.636967653
141,1,Cultivated to Estuarine Forested Wetland,Cultivated,Estuarine Forested Wetland,1,1,1,0,1.302345217,1.118870004,1.444549962,0.183475213,8.996475674,7.065008568,11.41400567,4.348997103,0.230919314,0.18296341,0.288570337,0.105606926,8.927702099,6.997557004,11.34275964,4.345202634,-0.168484212,-0.285041523,-0.055610862,0.229430662
142,115,Cultivated to Estuarine Scrub/Shrub Wetland,Cultivated,Estuarine Scrub/Shrub Wetland,115,115,115,0,127.6265409,93.47686562,176.375065,34.14967531,0.672317345,0.235584927,1.72230765,1.486722722,0.19839699,0.137761561,0.287731137,0.149969576,0.614098186,0.195359533,1.653967122,1.458607589,-0.143272869,-0.271112324,-0.046837589,0.224274735
143,2612,Cultivated to Estuarine Emergent Wetland,Cultivated,Estuarine Emergent Wetland,2612,2612,2612,0,3474.8071,3124.816579,3874.209777,349.9905217,0.065293642,-0.059621573,0.189884372,0.249505945,0.237189505,0.191284374,0.295088067,0.103803693,0,0,0,0,-0.174107163,-0.292851274,-0.056983797,0.235867477
163,133,Pasture/Hay to Palustrine Forested Wetland,Pasture/Hay,Palustrine Forested Wetland,30,24,36,12,40.95989124,32.22171965,50.41820955,8.73817159,9.269507213,7.407486843,11.69823382,4.290746976,0.241512738,0.196875288,0.297028722,0.100153434,9.332544311,7.502178304,11.73674037,4.234562067,-0.273417424,-0.664253901,-0.112624018,0.551629884
164,880,Pasture/Hay to Palustrine Scrub/Shrub Wetland,Pasture/Hay,Palustrine Scrub/Shrub Wetland,670,658,682,24,941.749957,836.0355051,1055.561866,105.7144519,0.728243666,0.104468666,1.922006823,1.817538157,0.250701925,0.201037955,0.311142312,0.110104357,0.776919447,0.258700556,1.992933794,1.734233238,-0.282936554,-0.688383662,-0.115942154,0.572441508
165,724,Pasture/Hay to Palustrine Emergent Wetland,Pasture/Hay,Palustrine Emergent Wetland,658,651,665,14,1026.128118,912.9264676,1157.509032,113.2016501,-0.036687574,-0.485565797,0.159366775,0.644932572,0.278090442,0.222655242,0.348297716,0.125642474,0,0,0,0,-0.315202912,-0.766932236,-0.129964583,0.636967653
167,299,Pasture/Hay to Estuarine Scrub/Shrub Wetland,Pasture/Hay,Estuarine Scrub/Shrub Wetland,299,299,299,0,331.8290064,243.0398506,458.5751691,88.7891558,0.672317345,0.235584927,1.72230765,1.486722722,0.19839699,0.137761561,0.287731137,0.149969576,0.614098186,0.195359533,1.653967122,1.458607589,-0.143272869,-0.271112324,-0.046837589,0.224274735
168,3560,Pasture/Hay to Estuarine Emergent Wetland,Pasture/Hay,Estuarine Emergent Wetland,3560,3560,3560,0,4735.954547,4258.938369,5280.316541,477.0161781,0.065293642,-0.059621573,0.189884372,0.249505945,0.237189505,0.191284374,0.295088067,0.103803693,0,0,0,0,-0.174107163,-0.292851274,-0.056983797,0.235867477
188,304,Grassland to Palustrine Forested Wetland,Grassland,Palustrine Forested Wetland,57,47,67,20,77.42561349,62.93923468,92.80861953,14.48637881,9.269507213,7.407486843,11.69823382,4.290746976,0.241512738,0.196875288,0.297028722,0.100153434,9.332544311,7.502178304,11.73674037,4.234562067,-0.273417424,-0.664253901,-0.112624018,0.551629884
189,324,Grassland to Palustrine Scrub/Shrub Wetland,Grassland,Palustrine Scrub/Shrub Wetland,207,201,213,12,291.3459006,258.3645456,326.8688716,32.98135501,0.728243666,0.104468666,1.922006823,1.817538157,0.250701925,0.201037955,0.311142312,0.110104357,0.776919447,0.258700556,1.992933794,1.734233238,-0.282936554,-0.688383662,-0.115942154,0.572441508
190,304,Grassland to Palustrine Emergent Wetland,Grassland,Palustrine Emergent Wetland,155,144,165,21,240.9607229,210.0930437,276.1735878,30.86767925,-0.036687574,-0.485565797,0.159366775,0.644932572,0.278090442,0.222655242,0.348297716,0.125642474,0,0,0,0,-0.315202912,-0.766932236,-0.129964583,0.636967653
191,69,Grassland to Estuarine Forested Wetland,Grassland,Estuarine Forested Wetland,69,69,69,0,89.86181998,77.20203025,99.67394739,12.65978973,8.996475674,7.065008568,11.41400567,4.348997103,0.230919314,0.18296341,0.288570337,0.105606926,8.927702099,6.997557004,11.34275964,4.345202634,-0.168484212,-0.285041523,-0.055610862,0.229430662
192,151,Grassland to Estuarine Scrub/Shrub Wetland,Grassland,Estuarine Scrub/Shrub Wetland,151,151,151,0,167.5791972,122.7391888,231.5881289,44.84000845,0.672317345,0.235584927,1.72230765,1.486722722,0.19839699,0.137761561,0.287731137,0.149969576,0.614098186,0.195359533,1.653967122,1.458607589,-0.143272869,-0.271112324,-0.046837589,0.224274735
193,946,Grassland to Estuarine Emergent Wetland,Grassland,Estuarine Emergent Wetland,946,946,946,0,1258.486798,1131.729128,1403.140294,126.7576698,0.065293642,-0.059621573,0.189884372,0.249505945,0.237189505,0.191284374,0.295088067,0.103803693,0,0,0,0,-0.174107163,-0.292851274,-0.056983797,0.235867477
213,304,Deciduous Forest to Palustrine Forested Wetland,Deciduous Forest,Palustrine Forested Wetland,118,107,129,22,159.7921832,139.9161177,181.1076428,19.8760655,-0.03182639,-0.417788244,0.137574257,0.5553625,0.241512738,0.196875288,0.297028722,0.100153434,0,0,0,0,-0.273417424,-0.664253901,-0.112624018,0.551629884
214,184,Deciduous Forest to Palustrine Scrub/Shrub Wetland,Deciduous Forest,Palustrine Scrub/Shrub Wetland,52,46,59,13,73.54256815,61.64155156,86.18459512,11.90101659,-8.894828714,-11.60736885,-6.643135464,4.964233384,0.250701925,0.201037955,0.311142312,0.110104357,-8.842902747,-11.52458396,-6.592747557,4.931836404,-0.282936554,-0.688383662,-0.115942154,0.572441508
215,137,Deciduous Forest to Palustrine Emergent Wetland,Deciduous Forest,Palustrine Emergent Wetland,72,67,78,11,112.8318465,97.98557934,129.7450705,14.84626717,-10.8233794,-13.80032809,-8.559989092,5.240338999,0.278090442,0.222655242,0.348297716,0.125642474,-10.75358012,-13.69729022,-8.51797351,5.17931671,-0.315202912,-0.766932236,-0.129964583,0.636967653
218,236,Deciduous Forest to Estuarine Emergent Wetland,Deciduous Forest,Estuarine Emergent Wetland,236,236,236,0,313.9565374,282.3341166,350.0434561,31.62242079,-9.104365955,-11.57819813,-7.231029578,4.347168549,0.237189505,0.191284374,0.295088067,0.103803693,-9.174685546,-11.63028658,-7.29670546,4.33358112,-0.174107163,-0.292851274,-0.056983797,0.235867477
238,453,Evergreen Forest to Palustrine Forested Wetland,Evergreen Forest,Palustrine Forested Wetland,153,137,169,32,207.3125788,180.8095051,236.559442,26.50307375,-0.03182639,-0.417788244,0.137574257,0.5553625,0.241512738,0.196875288,0.297028722,0.100153434,0,0,0,0,-0.273417424,-0.664253901,-0.112624018,0.551629884
239,256,Evergreen Forest to Palustrine Scrub/Shrub Wetland,Evergreen Forest,Palustrine Scrub/Shrub Wetland,76,66,85,19,106.0341012,88.39290037,124.956651,17.64120086,-8.894828714,-11.60736885,-6.643135464,4.964233384,0.250701925,0.201037955,0.311142312,0.110104357,-8.842902747,-11.52458396,-6.592747557,4.931836404,-0.282936554,-0.688383662,-0.115942154,0.572441508
240,179,Evergreen Forest to Palustrine Emergent Wetland,Evergreen Forest,Palustrine Emergent Wetland,97,90,104,14,151.421534,131.9428805,173.4956993,19.47865351,-10.8233794,-13.80032809,-8.559989092,5.240338999,0.278090442,0.222655242,0.348297716,0.125642474,-10.75358012,-13.69729022,-8.51797351,5.17931671,-0.315202912,-0.766932236,-0.129964583,0.636967653
242,6,Evergreen Forest to Estuarine Scrub/Shrub Wetland,Evergreen Forest,Estuarine Scrub/Shrub Wetland,6,6,6,0,6.658776049,4.877053859,9.202177306,1.78172219,-6.931817502,-10.37435056,-4.651212024,5.723138539,0.19839699,0.137761561,0.287731137,0.149969576,-6.984828622,-10.43366711,-4.694553901,5.73911321,-0.143272869,-0.271112324,-0.046837589,0.224274735
243,34,Evergreen Forest to Estuarine Emergent Wetland,Evergreen Forest,Estuarine Emergent Wetland,34,34,34,0,45.23102657,40.67525409,50.42998944,4.555772487,-9.104365955,-11.57819813,-7.231029578,4.347168549,0.237189505,0.191284374,0.295088067,0.103803693,-9.174685546,-11.63028658,-7.29670546,4.33358112,-0.174107163,-0.292851274,-0.056983797,0.235867477
263,122,Mixed Forest to Palustrine Forested Wetland,Mixed Forest,Palustrine Forested Wetland,34,27,42,15,46.65697565,36.24658071,57.82815644,10.41039493,-0.03182639,-0.417788244,0.137574257,0.5553625,0.241512738,0.196875288,0.297028722,0.100153434,0,0,0,0,-0.273417424,-0.664253901,-0.112624018,0.551629884
264,271,Mixed Forest to Palustrine Scrub/Shrub Wetland,Mixed Forest,Palustrine Scrub/Shrub Wetland,71,62,79,17,99.40220231,83.84782492,116.8782295,15.55437739,-8.894828714,-11.60736885,-6.643135464,4.964233384,0.250701925,0.201037955,0.311142312,0.110104357,-8.842902747,-11.52458396,-6.592747557,4.931836404,-0.282936554,-0.688383662,-0.115942154,0.572441508
265,141,Mixed Forest to Palustrine Emergent Wetland,Mixed Forest,Palustrine Emergent Wetland,57,50,64,14,88.15375377,73.65024319,104.9388213,14.50351057,-10.8233794,-13.80032809,-8.559989092,5.240338999,0.278090442,0.222655242,0.348297716,0.125642474,-10.75358012,-13.69729022,-8.51797351,5.17931671,-0.315202912,-0.766932236,-0.129964583,0.636967653
267,11,Mixed Forest to Estuarine Scrub/Shrub Wetland,Mixed Forest,Estuarine Scrub/Shrub Wetland,11,11,11,0,12.20775609,8.941265407,16.87065839,3.266490682,-6.931817502,-10.37435056,-4.651212024,5.723138539,0.19839699,0.137761561,0.287731137,0.149969576,-6.984828622,-10.43366711,-4.694553901,5.73911321,-0.143272869,-0.271112324,-0.046837589,0.224274735
268,11,Mixed Forest to Estuarine Emergent Wetland,Mixed Forest,Estuarine Emergent Wetland,11,11,11,0,14.63356742,13.15964103,16.31558482,1.473926393,-9.104365955,-11.57819813,-7.231029578,4.347168549,0.237189505,0.191284374,0.295088067,0.103803693,-9.174685546,-11.63028658,-7.29670546,4.33358112,-0.174107163,-0.292851274,-0.056983797,0.235867477
288,418,Scrub/Shrub to Palustrine Forested Wetland,Scrub/Shrub,Palustrine Forested Wetland,109,97,122,25,148.2783965,127.5524016,169.9269988,20.7259949,8.467378709,6.38857122,10.97629932,4.587728104,0.241512738,0.196875288,0.297028722,0.100153434,8.531354964,6.467197046,10.99416768,4.526970631,-0.273417424,-0.664253901,-0.112624018,0.551629884
289,229,Scrub/Shrub to Palustrine Scrub/Shrub Wetland,Scrub/Shrub,Palustrine Scrub/Shrub Wetland,25,19,31,12,34.77778301,26.2864928,44.50935896,8.491290213,-0.032726528,-0.436866008,0.14476006,0.581626068,0.250701925,0.201037955,0.311142312,0.110104357,0,0,0,0,-0.282936554,-0.688383662,-0.115942154,0.572441508
290,255,Scrub/Shrub to Palustrine Emergent Wetland,Scrub/Shrub,Palustrine Emergent Wetland,63,55,72,17,98.95582038,82.50795095,117.6634727,16.44786942,-0.937771628,-2.335083485,-0.262445759,2.072637726,0.278090442,0.222655242,0.348297716,0.125642474,-0.864107085,-2.214559241,-0.288513986,1.926045255,-0.315202912,-0.766932236,-0.129964583,0.636967653
291,14,Scrub/Shrub to Estuarine Forested Wetland,Scrub/Shrub,Estuarine Forested Wetland,14,14,14,0,18.23283304,15.66418005,20.22369947,2.568652989,8.19529948,6.12968841,10.65108746,4.521399047,0.230919314,0.18296341,0.288570337,0.105606926,8.138170914,6.066274163,10.58132065,4.515046487,-0.168484212,-0.285041523,-0.055610862,0.229430662
292,139,Scrub/Shrub to Estuarine Scrub/Shrub Wetland,Scrub/Shrub,Estuarine Scrub/Shrub Wetland,139,139,139,0,154.2616451,112.9850811,213.1837743,41.27656407,0.053576172,-0.050932575,0.166750204,0.21768278,0.19839699,0.137761561,0.287731137,0.149969576,0,0,0,0,-0.143272869,-0.271112324,-0.046837589,0.224274735
293,220,Scrub/Shrub to Estuarine Emergent Wetland,Scrub/Shrub,Estuarine Emergent Wetland,220,220,220,0,292.6713484,263.1928206,326.3116964,29.47852786,-0.678016955,-1.829129445,-0.15642061,1.672708835,0.237189505,0.191284374,0.295088067,0.103803693,-0.737249371,-1.863325499,-0.244951906,1.618373593,-0.174107163,-0.292851274,-0.056983797,0.235867477
302,760,Palustrine Forested Wetland to High Intensity Developed,Palustrine Forested Wetland,High Intensity Developed,375,363,387,24,606.9632006,541.621769,680.0304192,65.34143161,-30.13285246,-42.70802897,-20.04013046,22.66789851,-18.28273998,-30.35278202,-8.951080619,21.4017014,-11.33427455,-14.30690455,-9.019831812,5.28707274,-0.327921094,-0.792219677,-0.133376759,0.658842918
303,2507,Palustrine Forested Wetland to Medium Intensity Developed,Palustrine Forested Wetland,Medium Intensity Developed,1209,1181,1235,54,1535.073461,1375.415455,1712.72177,159.6580056,-23.49600907,-33.61633533,-15.71638228,17.89995305,-14.28242225,-23.81329113,-7.0200219,16.79326923,-8.88069354,-11.19793798,-7.123980781,4.073957204,-0.25596446,-0.618439816,-0.104845951,0.513593865
304,3967,Palustrine Forested Wetland to Low Intensity Developed,Palustrine Forested Wetland,Low Intensity Developed,1817,1783,1852,69,2184.172733,1971.68869,2421.540978,212.484043,-22.30209281,-31.64430524,-14.87270072,16.77160452,-13.53729369,-22.45167475,-6.654514476,15.79716028,-8.41715136,-10.61010078,-6.745327048,3.864773732,-0.242478409,-0.590070632,-0.099332745,0.490737887
305,3627,Palustrine Forested Wetland to Developed Open Space,Palustrine Forested Wetland,Developed Open Space,1723,1690,1756,66,3441.125658,3000.688815,3934.869185,440.4368429,-36.91450649,-53.3499646,-24.41505186,28.93491274,-22.52600913,-37.7535733,-10.92257006,26.83100323,-13.96710437,-17.90763963,-10.99781175,6.90982788,-0.403690789,-0.984157166,-0.16555272,0.818604445
306,554,Palustrine Forested Wetland to Cultivated,Palustrine Forested Wetland,Cultivated,186,174,199,25,238.8229955,212.9279012,266.0731976,25.89509423,-23.66334865,-33.43745977,-15.75214057,17.6853192,-14.47991228,-23.80873511,-7.095500538,16.71323457,-8.832247932,-11.10547526,-7.077583785,4.027891471,-0.258344218,-0.628084015,-0.106330839,0.521753176
307,57,Palustrine Forested Wetland to Pasture/Hay,Palustrine Forested Wetland,Pasture/Hay,22,17,26,9,25.01636415,19.84450587,30.70803457,5.171858277,-21.45208995,-30.38764988,-14.27898953,16.10866035,-13.1023894,-21.64261134,-6.395082101,15.24752924,-8.012670052,-10.1389635,-6.391907169,3.747056327,-0.23425921,-0.569271098,-0.096237498,0.4730336
308,1561,Palustrine Forested Wetland to Grassland,Palustrine Forested Wetland,Grassland,1239,1223,1254,31,1936.630359,1753.104513,2139.122156,183.525846,-10.84449612,-13.70617237,-8.661924788,5.044247586,0.279120811,0.225352883,0.344351759,0.118998876,-10.77892332,-13.62570798,-8.610157672,5.015550309,-0.315238038,-0.76178851,-0.128957243,0.632831267
309,1,Palustrine Forested Wetland to Deciduous Forest,Palustrine Forested Wetland,Deciduous Forest,0,0,0,0,0,0,0,0,0,0,0,0,0,0,0,0,0,0,0,0,0,0,0,0
310,19,Palustrine Forested Wetland to Evergreen Forest,Palustrine Forested Wetland,Evergreen Forest,4,1,7,6,5.800603605,1.442574117,10.25625109,4.358029489,-0.032854388,-0.429644453,0.142399525,0.572043978,0.249312813,0.203291457,0.305811791,0.102520334,0,0,0,0,-0.281540009,-0.681890511,-0.116384251,0.56550626
311,6,Palustrine Forested Wetland to Mixed Forest,Palustrine Forested Wetland,Mixed Forest,1,0,3,3,1.519477101,0,4.712655058,1.519477101,-0.032140174,-0.448975114,0.151063224,0.600038338,0.263355012,0.213615786,0.324228844,0.110613058,0,0,0,0,-0.294319205,-0.716446716,-0.121808263,0.594638452
312,869,Palustrine Forested Wetland to Scrub/Shrub,Palustrine Forested Wetland,Scrub/Shrub,224,207,241,34,282.5009725,249.9002321,317.7530992,32.60074042,-8.001279056,-10.34949546,-6.035077733,4.314417723,0.225018727,0.182599443,0.278226973,0.095627531,-7.937009748,-10.28914568,-5.996151207,4.292994476,-0.255046247,-0.614816019,-0.104326658,0.510489361
313,13946313,Palustrine Forested Wetland to Palustrine Forested Wetland,Palustrine Forested Wetland,Palustrine Forested Wetland,7643674.5,7641016.575,7646274.425,5257.85,7535945.673,7503268.385,7567552.227,32677.28782,-0.046471835,-0.607899889,0.201053443,0.808953331,0.351878385,0.291119201,0.425134874,0.134015673,0,0,0,0,-0.397181247,-0.960298986,-0.163495811,0.796803175
314,136988,Palustrine Forested Wetland to Palustrine Scrub/Shrub Wetland,Palustrine Forested Wetland,Palustrine Scrub/Shrub Wetland,72745,72531.95,72956,424.05,102290.3706,90965.53943,114429.0941,11324.83121,-8.959721644,-11.72488515,-6.665213657,5.059671488,0.501411323,0.402074784,0.622287882,0.220213097,-8.842914329,-11.52459881,-6.592746955,4.931851855,-0.565912395,-1.376800586,-0.23188405,1.144916536
315,64948,Palustrine Forested Wetland to Palustrine Emergent Wetland,Palustrine Forested Wetland,Palustrine Emergent Wetland,35041,34891,35189,298,54650.63825,48568.38515,61573.06707,6082.253097,-10.88526995,-13.99629034,-8.542472243,5.453818096,0.556123579,0.445210874,0.696661577,0.251450703,-10.7530715,-13.69736715,-8.517947015,5.179420135,-0.630592068,-1.536042639,-0.260062674,1.275979965
317,187,Palustrine Forested Wetland to Estuarine Scrub/Shrub Wetland,Palustrine Forested Wetland,Estuarine Scrub/Shrub Wetland,187,187,187,0,207.5318535,152.0015119,286.8011927,55.53034159,-6.979946107,-10.4322245,-4.679838995,5.752385503,0.396793979,0.275523122,0.575462274,0.299939152,-6.984828622,-10.43366711,-4.694553901,5.73911321,-0.375883263,-0.760978862,-0.187044065,0.573934797
318,454,Palustrine Forested Wetland to Estuarine Emergent Wetland,Palustrine Forested Wetland,Estuarine Emergent Wetland,454,454,454,0,603.9672372,543.1342752,673.3886825,60.83296203,-9.160526654,-11.63961787,-7.261365181,4.378252688,0.47437901,0.382568749,0.590176134,0.207607385,-9.174685546,-11.63028658,-7.29670546,4.33358112,-0.447268773,-0.843240914,-0.237213042,0.606027872
319,180,Palustrine Forested Wetland to Unconsolidated Shore,Palustrine Forested Wetland,Unconsolidated Shore,131,125,138,13,168.0290645,142.0630827,199.315864,25.96598181,-23.63834742,-34.54510941,-15.52522188,19.01988753,-14.40296602,-24.32148819,-6.920895945,17.40059225,-8.955062687,-11.64815325,-6.907198357,4.740954896,-0.258348969,-0.629015842,-0.105093584,0.523922258
320,7833,Palustrine Forested Wetland to Bare Land,Palustrine Forested Wetland,Bare Land,5302,5262,5342,80,10205.80868,8708.269431,11920.57467,1497.539245,-13.56000217,-17.56908351,-10.45890658,7.110176924,0.343456981,0.268174349,0.437912145,0.169737796,-13.46668021,-17.45797748,-10.4188449,7.039132581,-0.387142387,-0.948606825,-0.157359163,0.791247662
321,6610,Palustrine Forested Wetland to Water,Palustrine Forested Wetland,Water,4664,4621,4706,85,6281.728071,5784.736102,6795.166181,496.9919684,-24.94049675,-35.24306584,-16.75888186,18.48418398,-15.21493008,-25.04199856,-7.454431217,17.58756735,-9.421019889,-11.74763701,-7.599846608,4.147790403,-0.271182038,-0.658802857,-0.11151833,0.547284527
322,283,Palustrine Forested Wetland to Palustrine Aquatic Bed,Palustrine Forested Wetland,Palustrine Aquatic Bed,192,182,202,20,391.8612109,202.0538485,668.2020158,189.8073624,-37.45035927,-72.55758687,-17.57747806,54.98010881,-22.32599599,-49.22950388,-8.617106528,40.61239735,-14.23282966,-25.2759269,-7.217892566,18.05803434,-0.405560782,-1.146605491,-0.14051883,1.006086661
323,1523,Palustrine Forested Wetland to Estuarine Aquatic Bed,Palustrine Forested Wetland,Estuarine Aquatic Bed,1369,1357,1381,24,2137.404751,1563.231133,3364.948395,574.1736185,-28.24647404,-51.11391285,-16.35157633,34.76233651,-17.12200157,-34.9230481,-7.538450636,27.38459746,-10.74993764,-17.97052029,-7.286730456,10.68378984,-0.310115952,-0.830555205,-0.118573985,0.71198122
327,209,Palustrine Scrub/Shrub Wetland to High Intensity Developed,Palustrine Scrub/Shrub Wetland,High Intensity Developed,100,92,108,16,161.3887556,140.9283825,184.7590315,20.46037311,-19.85394159,-32.07406933,-10.30375476,21.77031458,-18.28273998,-30.35278202,-8.951080619,21.4017014,-1.068467384,-2.467780198,-0.463851634,2.003928564,-0.327921094,-0.792219677,-0.133376759,0.658842918
328,634,Palustrine Scrub/Shrub Wetland to Medium Intensity Developed,Palustrine Scrub/Shrub Wetland,Medium Intensity Developed,296,281,311,30,375.7729961,333.559635,423.553431,42.21336107,-15.49422557,-25.15685297,-8.109318963,17.04753401,-14.28242225,-23.81329113,-7.0200219,16.79326923,-0.835724624,-1.915893334,-0.364891561,1.551001773,-0.25596446,-0.618439816,-0.104845951,0.513593865
329,1368,Palustrine Scrub/Shrub Wetland to Low Intensity Developed,Palustrine Scrub/Shrub Wetland,Low Intensity Developed,535,513,557,44,642.7722625,575.6629128,718.6294737,67.10934971,-14.66858264,-23.7136358,-7.698213962,16.01542184,-13.53729369,-22.45167475,-6.654514476,15.79716028,-0.791289834,-1.834425998,-0.345627831,1.488798167,-0.242478409,-0.590070632,-0.099332745,0.490737887
330,1606,Palustrine Scrub/Shrub Wetland to Developed Open Space,Palustrine Scrub/Shrub Wetland,Developed Open Space,685,662.975,707,44.025,1367.911634,1190.395223,1566.396495,177.5164114,-24.42335235,-39.82548651,-12.61911878,27.20636773,-22.52600913,-37.7535733,-10.92257006,26.83100323,-1.316007067,-3.032275177,-0.571808233,2.460466944,-0.403690789,-0.984157166,-0.16555272,0.818604445
331,174,Palustrine Scrub/Shrub Wetland to Cultivated,Palustrine Scrub/Shrub Wetland,Cultivated,33,26,39,13,41.9791643,33.39996354,51.54782525,8.57920076,-15.5518908,-25.0314423,-8.086653282,16.94478902,-14.47991228,-23.80873511,-7.095500538,16.71323457,-0.710702303,-1.812100131,-0.236250733,1.575849398,-0.258344218,-0.628084015,-0.106330839,0.521753176
332,17,Palustrine Scrub/Shrub Wetland to Pasture/Hay,Palustrine Scrub/Shrub Wetland,Pasture/Hay,8,6,11,5,9.558294966,6.586793966,12.88605562,2.971501,-14.08826794,-22.73281376,-7.318888061,15.4139257,-13.1023894,-21.64261134,-6.395082101,15.24752924,-0.643095636,-1.651845965,-0.215063037,1.436782928,-0.23425921,-0.569271098,-0.096237498,0.4730336
333,328,Palustrine Scrub/Shrub Wetland to Grassland,Palustrine Scrub/Shrub Wetland,Grassland,252,245,259,14,394.0816401,355.1773294,437.1938969,38.90431073,-0.94371504,-2.333116335,-0.264930486,2.068185849,0.279120811,0.225352883,0.344351759,0.118998876,-0.86591893,-2.219795251,-0.288842428,1.930952823,-0.315238038,-0.76178851,-0.128957243,0.632831267
335,11,Palustrine Scrub/Shrub Wetland to Evergreen Forest,Palustrine Scrub/Shrub Wetland,Evergreen Forest,2,0,5,5,3.028748346,0,6.862254306,3.028748346,8.743211306,6.573384609,11.25631595,4.682931339,0.249314302,0.203325127,0.305815262,0.102490135,8.800532699,6.652315762,11.31090616,4.658590402,-0.281788549,-0.68212064,-0.116176072,0.565944568
336,2,Palustrine Scrub/Shrub Wetland to Mixed Forest,Palustrine Scrub/Shrub Wetland,Mixed Forest,0,0,1,1,0,0,1.491710703,0,9.239490994,6.755347937,12.04490483,5.289556891,0.262124804,0.209645576,0.327564281,0.117918705,9.290444515,6.872937654,12.22840172,5.355464071,-0.296630963,-0.71129219,-0.117149862,0.594142327
337,6,Palustrine Scrub/Shrub Wetland to Scrub/Shrub,Palustrine Scrub/Shrub Wetland,Scrub/Shrub,0,0,1,1,0,0,1.36779059,0,-0.029866619,-0.39301682,0.127707434,0.520724254,0.224362197,0.182545959,0.278676362,0.096130403,0,0,0,0,-0.254813537,-0.620147217,-0.104285495,0.515861722
338,27239,Palustrine Scrub/Shrub Wetland to Palustrine Forested Wetland,Palustrine Scrub/Shrub Wetland,Palustrine Forested Wetland,8884,8782,8985,203,12025.34206,11048.17661,13111.46874,977.1654591,8.422661,6.267376811,10.96766178,4.70028497,0.482993655,0.393745433,0.5940642,0.200318767,8.531354964,6.467072689,10.99437549,4.527302796,-0.546834849,-1.328656619,-0.225225995,1.103430624
339,2141166,Palustrine Scrub/Shrub Wetland to Palustrine Scrub/Shrub Wetland,Palustrine Scrub/Shrub Wetland,Palustrine Scrub/Shrub Wetland,1114352.5,1113368,1115346,1978,1098639.1,1093798.254,1103369.239,4840.845657,-0.046552025,-0.607522682,0.200898807,0.808421489,0.351922599,0.291122111,0.425173757,0.134051645,0,0,0,0,-0.397218895,-0.959813263,-0.163667644,0.796145619
340,30446,Palustrine Scrub/Shrub Wetland to Palustrine Emergent Wetland,Palustrine Scrub/Shrub Wetland,Palustrine Emergent Wetland,17131,17021,17241,220,26710.88179,23748.61109,30121.13618,2962.270707,-1.008133302,-2.561282507,-0.193823288,2.36745922,0.556174749,0.44530812,0.696605608,0.251297488,-0.864107085,-2.214623727,-0.288511634,1.926112093,-0.630405824,-1.533970964,-0.259845191,1.274125773
342,30,Palustrine Scrub/Shrub Wetland to Estuarine Scrub/Shrub Wetland,Palustrine Scrub/Shrub Wetland,Estuarine Scrub/Shrub Wetland,30,30,30,0,33.29388024,24.38526929,46.01088653,8.90861095,0.021917618,-0.318206428,0.228588749,0.546795177,0.396793979,0.275523122,0.575462274,0.299939152,0,0,0,0,-0.375883263,-0.760978862,-0.187044065,0.573934797
343,87,Palustrine Scrub/Shrub Wetland to Estuarine Emergent Wetland,Palustrine Scrub/Shrub Wetland,Estuarine Emergent Wetland,87,87,87,0,115.7382151,104.0807972,129.0414436,11.65741783,-0.741415151,-1.922354268,-0.13973666,1.782617608,0.47437901,0.382568749,0.590176134,0.207607385,-0.737249371,-1.863325499,-0.244951906,1.618373593,-0.447268773,-0.843240914,-0.237213042,0.606027872
344,725,Palustrine Scrub/Shrub Wetland to Unconsolidated Shore,Palustrine Scrub/Shrub Wetland,Unconsolidated Shore,318,304,331,27,405.9413388,343.9298704,480.8570508,62.01146848,-15.57773357,-25.67021974,-8.043925147,17.62629459,-14.40296602,-24.32148819,-6.920895945,17.40059225,-0.843433213,-1.978834816,-0.365719389,1.613115428,-0.258348969,-0.629015842,-0.105093584,0.523922258
345,2101,Palustrine Scrub/Shrub Wetland to Bare Land,Palustrine Scrub/Shrub Wetland,Bare Land,1124,1101,1146,45,2162.890873,1839.97417,2529.552466,322.916703,-1.359940412,-3.085398158,-0.520686246,2.564711912,0.343456981,0.268174349,0.437912145,0.169737796,-1.267969545,-2.960740684,-0.548460501,2.412280183,-0.387142387,-0.948606825,-0.157359163,0.791247662
346,5915,Palustrine Scrub/Shrub Wetland to Water,Palustrine Scrub/Shrub Wetland,Water,4533,4489,4576,87,6104.08139,5624.28415,6613.045547,479.7972403,-16.45511779,-26.36834145,-8.62297603,17.74536542,-15.21493008,-25.04199856,-7.454431217,17.58756735,-0.887765039,-2.041365943,-0.388239819,1.653126124,-0.271182038,-0.658802857,-0.11151833,0.547284527
347,68,Palustrine Scrub/Shrub Wetland to Palustrine Aquatic Bed,Palustrine Scrub/Shrub Wetland,Palustrine Aquatic Bed,52,47,58,11,106.7384682,55.10415943,183.1880181,51.63430878,-24.26625146,-52.09641385,-9.815845458,42.2805684,-22.32599599,-49.22950388,-8.617106528,40.61239735,-1.330180658,-3.617473065,-0.479801417,3.137671648,-0.405560782,-1.146605491,-0.14051883,1.006086661
348,258,Palustrine Scrub/Shrub Wetland to Estuarine Aquatic Bed,Palustrine Scrub/Shrub Wetland,Estuarine Aquatic Bed,242,238,246,8,377.9024599,275.8709031,596.0151314,102.0315568,-18.59137757,-36.98954954,-8.702434408,28.28711513,-17.12200157,-34.9230481,-7.538450636,27.38459746,-1.017790759,-2.581282686,-0.403544304,2.177738381,-0.310115952,-0.830555205,-0.118573985,0.71198122
352,809,Palustrine Emergent Wetland to High Intensity Developed,Palustrine Emergent Wetland,High Intensity Developed,462,446,477,31,747.4487549,667.2763072,838.5884893,80.17244772,-18.80915274,-30.91100465,-9.440077755,21.47092689,-18.28273998,-30.35278202,-8.951080619,21.4017014,-0.168313283,-0.189860614,-0.149460115,0.040400498,-0.327921094,-0.792219677,-0.133376759,0.658842918
353,1857,Palustrine Emergent Wetland to Medium Intensity Developed,Palustrine Emergent Wetland,Medium Intensity Developed,1050,1027,1073,46,1333.246645,1194.809574,1485.898566,138.4370711,-14.7030151,-24.26481932,-7.415116253,16.84970307,-14.28242225,-23.81329113,-7.0200219,16.79326923,-0.131920932,-0.148834986,-0.117198738,0.031636248,-0.25596446,-0.618439816,-0.104845951,0.513593865
354,3181,Palustrine Emergent Wetland to Low Intensity Developed,Palustrine Emergent Wetland,Low Intensity Developed,1673,1642,1703,61,2010.486152,1814.110311,2229.965816,196.3758408,-13.95309556,-22.85504921,-7.029891205,15.825158,-13.53729369,-22.45167475,-6.654514476,15.79716028,-0.124909681,-0.140047495,-0.111473175,0.02857432,-0.242478409,-0.590070632,-0.099332745,0.490737887
355,3406,Palustrine Emergent Wetland to Developed Open Space,Palustrine Emergent Wetland,Developed Open Space,1932,1901,1963,62,3858.90703,3370.277018,4412.528087,488.6300124,-23.15430294,-38.44353722,-11.50353911,26.93999811,-22.52600913,-37.7535733,-10.92257006,26.83100323,-0.207356998,-0.239380254,-0.179588691,0.059791563,-0.403690789,-0.984157166,-0.16555272,0.818604445
356,501,Palustrine Emergent Wetland to Cultivated,Palustrine Emergent Wetland,Cultivated,250,237,262,25,319.6506673,288.3541133,353.4524185,31.29655395,-14.7642109,-24.13332926,-7.365248465,16.7680808,-14.47991228,-23.80873511,-7.095500538,16.71323457,0,0,0,0,-0.258344218,-0.628084015,-0.106330839,0.521753176
357,49,Palustrine Emergent Wetland to Pasture/Hay,Palustrine Emergent Wetland,Pasture/Hay,23,20,26,6,26.54486856,22.15556001,31.4307526,4.389308547,-13.38047478,-21.89887605,-6.658550854,15.2403252,-13.1023894,-21.64261134,-6.395082101,15.24752924,0,0,0,0,-0.23425921,-0.569271098,-0.096237498,0.4730336
358,87,Palustrine Emergent Wetland to Grassland,Palustrine Emergent Wetland,Grassland,77,74,80,6,119.7327184,107.2740307,133.3686935,12.45868765,-0.036740308,-0.481822429,0.160047686,0.641870115,0.279120811,0.225352883,0.344351759,0.118998876,0,0,0,0,-0.315238038,-0.76178851,-0.128957243,0.632831267
359,2,Palustrine Emergent Wetland to Deciduous Forest,Palustrine Emergent Wetland,Deciduous Forest,2,2,2,0,2.675212814,2.456485737,2.910387202,0.218727077,9.15698188,7.331115324,11.52269591,4.191580584,0.238505857,0.193845434,0.293551256,0.099705821,9.212503373,7.393152276,11.55962071,4.166468434,-0.270141447,-0.657074918,-0.111258047,0.545816871
360,16,Palustrine Emergent Wetland to Evergreen Forest,Palustrine Emergent Wetland,Evergreen Forest,6,3,9,6,8.448639851,4.098576368,13.0293484,4.350063484,9.577315518,7.63852659,12.03106578,4.392539188,0.249314302,0.203292122,0.305803973,0.102511851,9.628848608,7.738870482,12.08305165,4.344181168,-0.281422214,-0.681887722,-0.116223806,0.565663916
362,16,Palustrine Emergent Wetland to Scrub/Shrub,Palustrine Emergent Wetland,Scrub/Shrub,4,2,6,4,5.2108871,2.478648515,8.32410018,2.732238585,0.651067828,0.094012495,1.723290199,1.629277704,0.225018727,0.182597408,0.278235574,0.095638166,0.701075605,0.23193712,1.7861409,1.554203781,-0.255046247,-0.614820721,-0.104324838,0.510495883
363,3898,Palustrine Emergent Wetland to Palustrine Forested Wetland,Palustrine Emergent Wetland,Palustrine Forested Wetland,2095,2062,2128,66,2836.268611,2600.743785,3096.388413,235.5248266,9.223878833,7.300483311,11.68773208,4.387248769,0.483025475,0.393750575,0.594057444,0.200306868,9.332544311,7.502178304,11.73674037,4.234562067,-0.546834849,-1.328507803,-0.225248035,1.103259768
364,52675,Palustrine Emergent Wetland to Palustrine Scrub/Shrub Wetland,Palustrine Emergent Wetland,Palustrine Scrub/Shrub Wetland,25972,25820.725,26121,300.275,36520.60759,32456.36259,40864.49115,4064.245005,0.698299389,-0.22538541,1.925242484,2.150627894,0.501381242,0.402064654,0.622317204,0.220252549,0.77655933,0.258821585,1.991130793,1.732309207,-0.565873109,-1.376298133,-0.231881727,1.144416405
365,8220283,Palustrine Emergent Wetland to Palustrine Emergent Wetland,Palustrine Emergent Wetland,Palustrine Emergent Wetland,5320958,5318972,5322957.3,3985.3,5245935.286,5223098.06,5268020.95,22837.22635,-0.046478378,-0.607679851,0.200904283,0.808584134,0.35197245,0.291120899,0.42517592,0.134055022,0,0,0,0,-0.39725149,-0.960015648,-0.163499509,0.796516139
367,72,Palustrine Emergent Wetland to Estuarine Scrub/Shrub Wetland,Palustrine Emergent Wetland,Estuarine Scrub/Shrub Wetland,72,72,72,0,79.90531258,58.5246463,110.4261277,21.38066628,0.632160246,0.119783865,1.68134237,1.561558505,0.396793979,0.275523122,0.575462274,0.299939152,0.614098186,0.195359533,1.653967122,1.458607589,-0.375883263,-0.760978862,-0.187044065,0.573934797
368,573,Palustrine Emergent Wetland to Estuarine Emergent Wetland,Palustrine Emergent Wetland,Estuarine Emergent Wetland,573,573,573,0,762.2758302,685.4976645,849.8936456,76.77816574,0.026373128,-0.369235158,0.259023647,0.628258805,0.47437901,0.382568749,0.590176134,0.207607385,0,0,0,0,-0.447268773,-0.843240914,-0.237213042,0.606027872
369,5731,Palustrine Emergent Wetland to Unconsolidated Shore,Palustrine Emergent Wetland,Unconsolidated Shore,3598,3564,3632,68,4598.57117,3911.512682,5421.696727,687.0584883,-14.81027792,-24.79697545,-7.330842817,17.46613263,-14.40296602,-24.32148819,-6.920895945,17.40059225,-0.132790144,-0.157346738,-0.112169167,0.045177572,-0.258348969,-0.629015842,-0.105093584,0.523922258
370,10497,Palustrine Emergent Wetland to Bare Land,Palustrine Emergent Wetland,Bare Land,5488,5429,5547,118,10562.73535,9006.061032,12348.95056,1556.674317,-0.245217161,-0.800196102,-0.002871153,0.797324949,0.343456981,0.268174349,0.437912145,0.169737796,-0.200081554,-0.235568449,-0.169460367,0.066108082,-0.387142387,-0.948606825,-0.157359163,0.791247662
371,130138,Palustrine Emergent Wetland to Water,Palustrine Emergent Wetland,Water,102452,102239.975,102667,427.025,137973.1031,127057.1964,149365.3617,10915.90671,-15.64034318,-25.48396591,-7.8977771,17.58618881,-15.21493008,-25.04199856,-7.454431217,17.58756735,-0.13984466,-0.153531127,-0.12701493,0.026516196,-0.271182038,-0.658802857,-0.11151833,0.547284527
372,5231,Palustrine Emergent Wetland to Palustrine Aquatic Bed,Palustrine Emergent Wetland,Palustrine Aquatic Bed,4614,4576,4652,76,9442.277096,4821.009788,15928.99071,4621.267309,-22.99305447,-50.19028804,-8.994970324,41.19531772,-22.32599599,-49.22950388,-8.617106528,40.61239735,-0.211971501,-0.358650734,-0.109463118,0.249187616,-0.405560782,-1.146605491,-0.14051883,1.006086661
373,339,Palustrine Emergent Wetland to Estuarine Aquatic Bed,Palustrine Emergent Wetland,Estuarine Aquatic Bed,318,314,323,9,497.3985623,363.342565,784.9709606,134.0559973,-17.62175499,-35.637698,-7.99124424,27.64645376,-17.12200157,-34.9230481,-7.538450636,27.38459746,-0.161860326,-0.256848232,-0.117669129,0.139179103,-0.310115952,-0.830555205,-0.118573985,0.71198122
377,119,Estuarine Forested Wetland to High Intensity Developed,Estuarine Forested Wetland,High Intensity Developed,119,119,119,0,192.8425804,172.8059925,215.1877776,20.03658795,-29.97843897,-42.58411448,-19.89298625,22.69112822,-18.28273998,-30.35278202,-8.951080619,21.4017014,-11.33427455,-14.30690455,-9.019831812,5.28707274,-0.211158618,-0.357622139,-0.069506604,0.288115536
378,371,Estuarine Forested Wetland to Medium Intensity Developed,Estuarine Forested Wetland,Medium Intensity Developed,371,371,371,0,471.215792,422.7404002,524.4772049,48.4753918,-23.36629064,-33.49674607,-15.61085207,17.88589399,-14.28242225,-23.81329113,-7.0200219,16.79326923,-8.88069354,-11.19793798,-7.123980781,4.073957204,-0.165597946,-0.280117045,-0.05493277,0.225184275
379,676,Estuarine Forested Wetland to Low Intensity Developed,Estuarine Forested Wetland,Low Intensity Developed,676,676,676,0,812.2881644,734.2036024,899.1262815,78.08456199,-22.18418586,-31.51483389,-14.77586101,16.73897288,-13.53729369,-22.45167475,-6.654514476,15.79716028,-8.41715136,-10.61010078,-6.745327048,3.864773732,-0.157034347,-0.264204094,-0.052220637,0.211983457
380,122,Estuarine Forested Wetland to Developed Open Space,Estuarine Forested Wetland,Developed Open Space,122,122,122,0,243.7438715,213.0022079,278.1949469,30.74166356,-36.75146188,-53.23979593,-24.30651851,28.93327742,-22.52600913,-37.7535733,-10.92257006,26.83100323,-13.96710437,-17.90763963,-10.99781175,6.90982788,-0.260761719,-0.443101044,-0.087779606,0.355321438
383,107,Estuarine Forested Wetland to Grassland,Estuarine Forested Wetland,Grassland,107,107,107,0,167.252036,151.4234714,184.5881179,15.82856466,-10.70292452,-13.56052889,-8.532963818,5.027565069,0.279120811,0.225352883,0.344351759,0.118998876,-10.77892332,-13.62570798,-8.610157672,5.015550309,-0.203919871,-0.344883143,-0.066802817,0.278080326
385,12291,Estuarine Forested Wetland to Evergreen Forest,Estuarine Forested Wetland,Evergreen Forest,12291,12291,12291,0,17185.46448,15778.8597,18643.53231,1406.60478,0.068413955,-0.062478886,0.198629265,0.261108151,0.249314678,0.203294114,0.305803482,0.102509367,0,0,0,0,-0.182516777,-0.305606154,-0.060347178,0.245258975
387,190,Estuarine Forested Wetland to Scrub/Shrub,Estuarine Forested Wetland,Scrub/Shrub,190,190,190,0,239.7658281,217.7648665,262.9995061,22.00096152,-7.883233801,-10.22251468,-5.917329608,4.305185073,0.225018727,0.182599443,0.278226973,0.095627531,-7.937009748,-10.28914568,-5.996151207,4.292994476,-0.164964789,-0.277190991,-0.054228525,0.222962466
389,1,Estuarine Forested Wetland to Palustrine Scrub/Shrub Wetland,Estuarine Forested Wetland,Palustrine Scrub/Shrub Wetland,1,1,1,0,1.405990432,1.250288471,1.573847437,0.155701961,-8.824556616,-11.5360092,-6.56209411,4.97391509,0.50140385,0.40207591,0.622284624,0.220208714,-8.842902747,-11.52458396,-6.592747557,4.931836404,-0.471377551,-0.891530256,-0.250086791,0.641443466
390,2,Estuarine Forested Wetland to Palustrine Emergent Wetland,Estuarine Forested Wetland,Palustrine Emergent Wetland,2,2,2,0,3.118254106,2.772735265,3.514397895,0.345518841,-10.75170715,-13.72130826,-8.481268879,5.240039379,0.556180884,0.445310483,0.696595432,0.251284948,-10.75358012,-13.69729022,-8.51797351,5.17931671,-0.523755546,-0.984545244,-0.277779983,0.706765261
391,2201959,Estuarine Forested Wetland to Estuarine Forested Wetland,Estuarine Forested Wetland,Estuarine Forested Wetland,2201959,2201959,2201959,0,2170896.529,2161497.095,2179968.448,9399.433817,0.096769654,-0.089368803,0.278935216,0.368304018,0.351943315,0.291123566,0.42517116,0.134047594,0,0,0,0,-0.257541158,-0.429141885,-0.085912062,0.343229822
392,3736,Estuarine Forested Wetland to Estuarine Scrub/Shrub Wetland,Estuarine Forested Wetland,Estuarine Scrub/Shrub Wetland,3736,3736,3736,0,4146.197886,3036.778869,5729.889069,1109.419017,-6.879178899,-10.3182034,-4.581245633,5.736957772,0.396793979,0.275523122,0.575462274,0.299939152,-6.984828622,-10.43366711,-4.694553901,5.73911321,-0.286545739,-0.542224647,-0.093675178,0.44854947
393,14982,Estuarine Forested Wetland to Estuarine Emergent Wetland,Estuarine Forested Wetland,Estuarine Emergent Wetland,14982,14982,14982,0,19930.91883,17923.43108,22221.82652,2007.487747,-9.039287283,-11.49706384,-7.142559888,4.354503953,0.47437901,0.382568749,0.590176134,0.207607385,-9.174685546,-11.63028658,-7.29670546,4.33358112,-0.348214327,-0.585702547,-0.113967594,0.471734953
394,6,Estuarine Forested Wetland to Unconsolidated Shore,Estuarine Forested Wetland,Unconsolidated Shore,6,6,6,0,7.671795312,6.526329105,9.030885433,1.145466207,-23.51632346,-34.41933222,-15.42374121,18.99559101,-14.40296602,-24.32148819,-6.920895945,17.40059225,-8.955062687,-11.64815325,-6.907198357,4.740954896,-0.165965681,-0.286267922,-0.054855105,0.231412817
395,322,Estuarine Forested Wetland to Bare Land,Estuarine Forested Wetland,Bare Land,322,322,322,0,619.8255445,528.7249156,724.5821057,91.10062886,-13.36762335,-17.35531765,-10.31910111,7.036216548,0.343456981,0.268174349,0.437912145,0.169737796,-13.46668021,-17.45797748,-10.4188449,7.039132581,-0.251043864,-0.429274955,-0.083244275,0.34603068
396,5888,Estuarine Forested Wetland to Water,Estuarine Forested Wetland,Water,5888,5888,5888,0,7929.47424,7305.330216,8581.786776,624.1440243,-24.82532478,-35.11356145,-16.67440671,18.43915474,-15.21493008,-25.04199856,-7.454431217,17.58756735,-9.421019889,-11.74763701,-7.599846608,4.147790403,-0.175970535,-0.295015925,-0.057742416,0.237273508
398,8,Estuarine Forested Wetland to Estuarine Aquatic Bed,Estuarine Forested Wetland,Estuarine Aquatic Bed,8,8,8,0,12.48767593,9.135762342,19.6875257,3.351913592,-28.11438959,-50.98003215,-16.20350979,34.77652236,-17.12200157,-34.9230481,-7.538450636,27.38459746,-10.74993764,-17.97052029,-7.286730456,10.68378984,-0.198755154,-0.40564498,-0.063349797,0.342295183
402,60,Estuarine Scrub/Shrub Wetland to High Intensity Developed,Estuarine Scrub/Shrub Wetland,High Intensity Developed,60,60,60,0,97.23155316,87.12907184,108.4980391,10.10248132,-19.70889174,-31.88971517,-10.16961379,21.72010138,-18.28273998,-30.35278202,-8.951080619,21.4017014,-1.068467384,-2.467780198,-0.463851634,2.003928564,-0.211158618,-0.357622139,-0.069506604,0.288115536
403,261,Estuarine Scrub/Shrub Wetland to Medium Intensity Developed,Estuarine Scrub/Shrub Wetland,Medium Intensity Developed,261,261,261,0,331.5022149,297.3995807,368.9718342,34.10263412,-15.37995056,-25.01865681,-7.992577586,17.02607923,-14.28242225,-23.81329113,-7.0200219,16.79326923,-0.835724624,-1.915893334,-0.364891561,1.551001773,-0.165597946,-0.280117045,-0.05493277,0.225184275
404,628,Estuarine Scrub/Shrub Wetland to Low Intensity Developed,Estuarine Scrub/Shrub Wetland,Low Intensity Developed,628,628,628,0,754.6108983,682.0708022,835.2829952,72.54009605,-14.56070752,-23.61034235,-7.580890147,16.0294522,-13.53729369,-22.45167475,-6.654514476,15.79716028,-0.791289834,-1.834425998,-0.345627831,1.488798167,-0.157034347,-0.264204094,-0.052220637,0.211983457
405,517,Estuarine Scrub/Shrub Wetland to Developed Open Space,Estuarine Scrub/Shrub Wetland,Developed Open Space,517,517,517,0,1032.914603,902.6405039,1178.908095,130.2740989,-24.2515064,-39.5542899,-12.45448697,27.09980293,-22.52600913,-37.7535733,-10.92257006,26.83100323,-1.316007067,-3.032275177,-0.571808233,2.460466944,-0.260761719,-0.443101044,-0.087779606,0.355321438
406,6,Estuarine Scrub/Shrub Wetland to Cultivated,Estuarine Scrub/Shrub Wetland,Cultivated,6,6,6,0,7.687255692,7.040551949,8.390450417,0.646703743,-15.43364651,-24.89373057,-7.936431684,16.95729889,-14.47991228,-23.80873511,-7.095500538,16.71323457,-0.710702303,-1.812100131,-0.236250733,1.575849398,-0.167218844,-0.280944208,-0.055361081,0.225583128
407,1,Estuarine Scrub/Shrub Wetland to Pasture/Hay,Estuarine Scrub/Shrub Wetland,Pasture/Hay,1,1,1,0,1.162110412,1.048526344,1.283082486,0.113584068,-13.97461143,-22.63584216,-7.224366634,15.41147553,-13.1023894,-21.64261134,-6.395082101,15.24752924,-0.643095636,-1.651845965,-0.215063037,1.436782928,-0.151560367,-0.255131543,-0.050125066,0.205006477
408,46,Estuarine Scrub/Shrub Wetland to Grassland,Estuarine Scrub/Shrub Wetland,Grassland,46,46,46,0,71.90274446,65.09794096,79.35563947,6.804803497,-0.794591404,-2.160889374,-0.185755088,1.975134286,0.279120811,0.225352883,0.344351759,0.118998876,-0.86591893,-2.219795251,-0.288842428,1.930952823,-0.203919871,-0.344883143,-0.066802817,0.278080326
410,139,Estuarine Scrub/Shrub Wetland to Evergreen Forest,Estuarine Scrub/Shrub Wetland,Evergreen Forest,139,139,139,0,194.3519292,178.4445121,210.8413466,15.90741716,8.868545158,6.719923139,11.38535398,4.66543084,0.249314678,0.203294114,0.305803482,0.102509367,8.799091962,6.640384812,11.30575958,4.66537477,-0.182516777,-0.305606154,-0.060347178,0.245258975
412,23133,Estuarine Scrub/Shrub Wetland to Scrub/Shrub,Estuarine Scrub/Shrub Wetland,Scrub/Shrub,23133,23133,23133,0,29192.12053,26513.44557,32020.88197,2678.674963,0.061756816,-0.057500409,0.17943593,0.236936339,0.225018727,0.182599443,0.278226973,0.095627531,0,0,0,0,-0.164964789,-0.277190991,-0.054228525,0.222962466
413,16,Estuarine Scrub/Shrub Wetland to Palustrine Forested Wetland,Estuarine Scrub/Shrub Wetland,Palustrine Forested Wetland,16,16,16,0,21.66675477,19.90558859,23.61382098,1.761166174,8.532040156,6.447128436,11.04955444,4.602426005,0.483025475,0.393750575,0.594057444,0.200306868,8.531354964,6.467197046,10.99416768,4.526970631,-0.455741866,-0.853572884,-0.243071914,0.61050097
414,7,Estuarine Scrub/Shrub Wetland to Palustrine Scrub/Shrub Wetland,Estuarine Scrub/Shrub Wetland,Palustrine Scrub/Shrub Wetland,7,7,7,0,9.841933023,8.752019299,11.01693206,1.089913725,0.027862166,-0.390323518,0.272604416,0.662927934,0.50140385,0.40207591,0.622284624,0.220208714,0,0,0,0,-0.471377551,-0.891530256,-0.250086791,0.641443466
415,6,Estuarine Scrub/Shrub Wetland to Palustrine Emergent Wetland,Estuarine Scrub/Shrub Wetland,Palustrine Emergent Wetland,6,6,6,0,9.354762318,8.318205796,10.54319369,1.036556522,-0.866504038,-2.282006139,-0.164193839,2.117812299,0.556180884,0.445310483,0.696595432,0.251284948,-0.864107085,-2.214559241,-0.288513986,1.926045255,-0.523755546,-0.984545244,-0.277779983,0.706765261
416,1852,Estuarine Scrub/Shrub Wetland to Estuarine Forested Wetland,Estuarine Scrub/Shrub Wetland,Estuarine Forested Wetland,1852,1852,1852,0,2411.943342,2072.147247,2675.30653,339.7960953,8.257117304,6.190923752,10.74833569,4.557411935,0.461838627,0.365926821,0.577140673,0.211213853,8.138170914,6.066274163,10.58132065,4.515046487,-0.336968424,-0.570083047,-0.111221723,0.458861323
417,1111724,Estuarine Scrub/Shrub Wetland to Estuarine Scrub/Shrub Wetland,Estuarine Scrub/Shrub Wetland,Estuarine Scrub/Shrub Wetland,1111724,1111724,1111724,0,1096041.195,1091295.613,1100621.421,4745.581621,0.096769654,-0.089368803,0.278935216,0.368304018,0.351943315,0.291123566,0.42517116,0.134047594,0,0,0,0,-0.257541158,-0.429141885,-0.085912062,0.343229822
418,7381,Estuarine Scrub/Shrub Wetland to Estuarine Emergent Wetland,Estuarine Scrub/Shrub Wetland,Estuarine Emergent Wetland,7381,7381,7381,0,9819.12374,8830.11913,10947.75741,989.0046096,-0.620146201,-1.7750195,-0.036252108,1.738767392,0.47437901,0.382568749,0.590176134,0.207607385,-0.737249371,-1.863325499,-0.244951906,1.618373593,-0.348214327,-0.585702547,-0.113967594,0.471734953
419,310,Estuarine Scrub/Shrub Wetland to Unconsolidated Shore,Estuarine Scrub/Shrub Wetland,Unconsolidated Shore,310,310,310,0,396.3760911,337.1936704,466.5957474,59.18242068,-15.48432376,-25.54135954,-7.931757964,17.60960158,-14.40296602,-24.32148819,-6.920895945,17.40059225,-0.843433213,-1.978834816,-0.365719389,1.613115428,-0.165965681,-0.286267922,-0.054855105,0.231412817
420,726,Estuarine Scrub/Shrub Wetland to Bare Land,Estuarine Scrub/Shrub Wetland,Bare Land,726,726,726,0,1397.494861,1192.094064,1633.68512,205.4007968,-1.177669066,-2.87881301,-0.424042488,2.454770521,0.343456981,0.268174349,0.437912145,0.169737796,-1.267969545,-2.960740684,-0.548460501,2.412280183,-0.251043864,-0.429274955,-0.083244275,0.34603068
421,1624,Estuarine Scrub/Shrub Wetland to Water,Estuarine Scrub/Shrub Wetland,Water,1624,1624,1624,0,2187.069661,2014.921242,2366.987385,172.1484197,-16.34040753,-26.22679843,-8.512950631,17.7138478,-15.21493008,-25.04199856,-7.454431217,17.58756735,-0.887765039,-2.041365943,-0.388239819,1.653126124,-0.175970535,-0.295015925,-0.057742416,0.237273508
423,62,Estuarine Scrub/Shrub Wetland to Estuarine Aquatic Bed,Estuarine Scrub/Shrub Wetland,Estuarine Aquatic Bed,62,62,62,0,96.77948849,70.80215815,152.5783242,25.97733034,-18.43962297,-36.7636533,-8.534856753,28.22879655,-17.12200157,-34.9230481,-7.538450636,27.38459746,-1.017790759,-2.581282686,-0.403544304,2.177738381,-0.198755154,-0.40564498,-0.063349797,0.342295183
427,2006,Estuarine Emergent Wetland to High Intensity Developed,Estuarine Emergent Wetland,High Intensity Developed,2006,2006,2006,0,3250.774927,2913.015302,3627.451109,337.7596255,-18.65611375,-30.7656468,-9.299202941,21.46644386,-18.28273998,-30.35278202,-8.951080619,21.4017014,-0.168313283,-0.189860614,-0.149460115,0.040400498,-0.211158618,-0.357622139,-0.069506604,0.288115536
428,3893,Estuarine Emergent Wetland to Medium Intensity Developed,Estuarine Emergent Wetland,Medium Intensity Developed,3893,3893,3893,0,4944.590507,4435.925547,5503.476439,508.6649603,-14.58105693,-24.14832146,-7.309919396,16.83840207,-14.28242225,-23.81329113,-7.0200219,16.79326923,-0.131920932,-0.148834986,-0.117198738,0.031636248,-0.165597946,-0.280117045,-0.05493277,0.225184275
429,6362,Estuarine Emergent Wetland to Low Intensity Developed,Estuarine Emergent Wetland,Low Intensity Developed,6362,6362,6362,0,7644.640979,6909.768223,8461.895566,734.8727565,-13.83274492,-22.74256718,-6.938557983,15.8040092,-13.53729369,-22.45167475,-6.654514476,15.79716028,-0.124909681,-0.140047495,-0.111473175,0.02857432,-0.157034347,-0.264204094,-0.052220637,0.211983457
430,6182,Estuarine Emergent Wetland to Developed Open Space,Estuarine Emergent Wetland,Developed Open Space,6182,6182,6182,0,12351.02142,10793.27581,14096.73084,1557.745608,-22.99310265,-38.25067148,-11.32979401,26.92087748,-22.52600913,-37.7535733,-10.92257006,26.83100323,-0.207356998,-0.239380254,-0.179588691,0.059791563,-0.260761719,-0.443101044,-0.087779606,0.355321438
431,809,Estuarine Emergent Wetland to Cultivated,Estuarine Emergent Wetland,Cultivated,809,809,809,0,1036.498309,949.3010877,1131.312398,87.19722138,-14.65358193,-23.9723053,-7.2557407,16.7165646,-14.47991228,-23.80873511,-7.095500538,16.71323457,0,0,0,0,-0.167218844,-0.280944208,-0.055361081,0.225583128
432,59,Estuarine Emergent Wetland to Pasture/Hay,Estuarine Emergent Wetland,Pasture/Hay,59,59,59,0,68.56451428,61.86305428,75.70186667,6.701460002,-13.25245923,-21.80375616,-6.538123801,15.26563236,-13.1023894,-21.64261134,-6.395082101,15.24752924,0,0,0,0,-0.151560367,-0.255131543,-0.050125066,0.205006477
433,1785,Estuarine Emergent Wetland to Grassland,Estuarine Emergent Wetland,Grassland,1785,1785,1785,0,2790.139106,2526.083144,3079.343836,264.0559618,0.076661867,-0.070045068,0.222057388,0.292102456,0.279120811,0.225352883,0.344351759,0.118998876,0,0,0,0,-0.203919871,-0.344883143,-0.066802817,0.278080326
434,19,Estuarine Emergent Wetland to Deciduous Forest,Estuarine Emergent Wetland,Deciduous Forest,19,19,19,0,25.41452173,23.3366145,27.64867841,2.077907231,9.275795961,7.462221116,11.63140224,4.169181127,0.238505857,0.193845434,0.293551256,0.099705821,9.212503373,7.393152276,11.55962071,4.166468434,-0.17489116,-0.292454748,-0.0575409,0.234913847
435,7298,Estuarine Emergent Wetland to Evergreen Forest,Estuarine Emergent Wetland,Evergreen Forest,7298,7298,7298,0,10204.17539,9368.978771,11069.92912,835.1966221,9.703148873,7.814171352,12.14089687,4.326725517,0.249314678,0.203294114,0.305803482,0.102509367,9.628767962,7.736231448,12.08289144,4.346659994,-0.182516777,-0.305606154,-0.060347178,0.245258975
436,1,Estuarine Emergent Wetland to Mixed Forest,Estuarine Emergent Wetland,Mixed Forest,1,1,1,0,1.476586308,1.33705164,1.628415501,0.139534668,10.25666588,8.165079055,12.95867582,4.793596766,0.263247776,0.213184684,0.324967673,0.111782989,10.18316411,8.111734355,12.88102442,4.76929007,-0.192774962,-0.323997059,-0.063460299,0.26053676
437,74,Estuarine Emergent Wetland to Scrub/Shrub,Estuarine Emergent Wetland,Scrub/Shrub,74,74,74,0,93.3824804,84.81368486,102.4313866,8.568795541,0.765195508,0.279074126,1.847012463,1.567938337,0.225018727,0.182599443,0.278226973,0.095627531,0.700911236,0.232039484,1.786095179,1.554055695,-0.164964789,-0.277190991,-0.054228525,0.222962466
438,108,Estuarine Emergent Wetland to Palustrine Forested Wetland,Estuarine Emergent Wetland,Palustrine Forested Wetland,108,108,108,0,146.2505947,134.362723,159.3932916,11.88787167,9.342430261,7.478803736,11.77120665,4.292402916,0.483025475,0.393750575,0.594057444,0.200306868,9.332544311,7.502178304,11.73674037,4.234562067,-0.455741866,-0.853572884,-0.243071914,0.61050097
439,161,Estuarine Emergent Wetland to Palustrine Scrub/Shrub Wetland,Estuarine Emergent Wetland,Palustrine Scrub/Shrub Wetland,161,161,161,0,226.3644595,201.2964439,253.3894373,25.06801566,0.800469889,0.149462398,1.996906873,1.847444475,0.50140385,0.40207591,0.622284624,0.220208714,0.776919447,0.258700556,1.992933794,1.734233238,-0.471377551,-0.891530256,-0.250086791,0.641443466
440,131,Estuarine Emergent Wetland to Palustrine Emergent Wetland,Estuarine Emergent Wetland,Palustrine Emergent Wetland,131,131,131,0,204.245644,181.6141599,230.1930621,22.63148407,0.030931373,-0.429229774,0.304033096,0.73326287,0.556180884,0.445310483,0.696595432,0.251284948,0,0,0,0,-0.523755546,-0.984545244,-0.277779983,0.706765261
441,758,Estuarine Emergent Wetland to Estuarine Forested Wetland,Estuarine Emergent Wetland,Estuarine Forested Wetland,758,758,758,0,987.1776745,848.1034627,1094.968871,139.0742118,9.061544464,7.108199908,11.50148459,4.39328468,0.461838627,0.365926821,0.577140673,0.211213853,8.927702099,6.997557004,11.34275964,4.345202634,-0.336968424,-0.570083047,-0.111221723,0.458861323
442,4342,Estuarine Emergent Wetland to Estuarine Scrub/Shrub Wetland,Estuarine Emergent Wetland,Estuarine Scrub/Shrub Wetland,4342,4342,4342,0,4818.734267,3529.361309,6659.308977,1289.372958,0.728062048,0.249913923,1.794746865,1.544832942,0.396793979,0.275523122,0.575462274,0.299939152,0.614098186,0.195359533,1.653967122,1.458607589,-0.286545739,-0.542224647,-0.093675178,0.44854947
443,21035881,Estuarine Emergent Wetland to Estuarine Emergent Wetland,Estuarine Emergent Wetland,Estuarine Emergent Wetland,21035881,21035881,21035881,0,20739133.22,20649338.01,20825799.6,89795.21019,0.096769654,-0.089368803,0.278935216,0.368304018,0.351943315,0.291123566,0.42517116,0.134047594,0,0,0,0,-0.257541158,-0.429141885,-0.085912062,0.343229822
444,31005,Estuarine Emergent Wetland to Unconsolidated Shore,Estuarine Emergent Wetland,Unconsolidated Shore,31005,31005,31005,0,39644.00227,33724.80565,46667.10047,5919.196623,-14.70067694,-24.65606712,-7.207659762,17.44840736,-14.40296602,-24.32148819,-6.920895945,17.40059225,-0.132790144,-0.157346738,-0.112169167,0.045177572,-0.165965681,-0.286267922,-0.054855105,0.231412817
445,13319,Estuarine Emergent Wetland to Bare Land,Estuarine Emergent Wetland,Bare Land,13319,13319,13319,0,25638.06344,21869.83587,29971.14617,3768.227565,-0.105010687,-0.291651145,0.073326371,0.364977516,0.343456981,0.268174349,0.437912145,0.169737796,-0.200081554,-0.235568449,-0.169460367,0.066108082,-0.251043864,-0.429274955,-0.083244275,0.34603068
446,425773,Estuarine Emergent Wetland to Water,Estuarine Emergent Wetland,Water,425773,425773,425773,0,573396.0659,528262.9691,620566.0837,45133.09675,-15.51794582,-25.31399033,-7.761557177,17.55243315,-15.21493008,-25.04199856,-7.454431217,17.58756735,-0.13984466,-0.153531127,-0.12701493,0.026516196,-0.175970535,-0.295015925,-0.057742416,0.237273508
448,30082,Estuarine Emergent Wetland to Estuarine Aquatic Bed,Estuarine Emergent Wetland,Estuarine Aquatic Bed,30082,30082,30082,0,46956.78343,34352.75035,74030.01851,12604.03308,-17.48141564,-35.44612175,-7.822962069,27.62315968,-17.12200157,-34.9230481,-7.538450636,27.38459746,-0.161860326,-0.256848232,-0.117669129,0.139179103,-0.198755154,-0.40564498,-0.063349797,0.342295183
463,705,Unconsolidated Shore to Palustrine Forested Wetland,Unconsolidated Shore,Palustrine Forested Wetland,442,427,458,31,599.1206946,546.358898,657.1675875,52.76179662,9.410331294,7.546473581,11.83479946,4.288325876,0.241512738,0.196875288,0.297028722,0.100153434,9.473478224,7.636005644,11.88152101,4.245515362,-0.273417424,-0.664253901,-0.112624018,0.551629884
464,773,Unconsolidated Shore to Palustrine Scrub/Shrub Wetland,Unconsolidated Shore,Palustrine Scrub/Shrub Wetland,499,486,512,26,702.1379644,622.8504823,787.593552,79.28748202,0.874045304,0.249552375,2.069706671,1.820154295,0.250701925,0.201037955,0.311142312,0.110104357,0.923596375,0.402435632,2.138336313,1.735900681,-0.282936554,-0.688383662,-0.115942154,0.572441508
465,18274,Unconsolidated Shore to Palustrine Emergent Wetland,Unconsolidated Shore,Palustrine Emergent Wetland,15598,15530,15662,132,24320.84337,21616.9437,27400.79684,2703.899668,0.125728666,-0.321011429,0.323803482,0.644814911,0.278090442,0.222655242,0.348297716,0.125642474,0.162032108,0.142232896,0.184572448,0.042339552,-0.315202912,-0.766932236,-0.129964583,0.636967653
466,4,Unconsolidated Shore to Estuarine Forested Wetland,Unconsolidated Shore,Estuarine Forested Wetland,4,4,4,0,5.209380868,4.475480014,5.778199849,0.733900854,9.130717762,7.184912666,11.55268852,4.367775857,0.230919314,0.18296341,0.288570337,0.105606926,9.065147009,7.128011206,11.48011601,4.352104809,-0.168484212,-0.285041523,-0.055610862,0.229430662
467,93,Unconsolidated Shore to Estuarine Scrub/Shrub Wetland,Unconsolidated Shore,Estuarine Scrub/Shrub Wetland,93,93,93,0,103.2110288,75.59433481,142.6337482,27.61669394,0.789332059,0.342010596,1.85417392,1.512163323,0.19839699,0.137761561,0.287731137,0.149969576,0.73095074,0.303457625,1.784197294,1.48073967,-0.143272869,-0.271112324,-0.046837589,0.224274735
468,20418,Unconsolidated Shore to Estuarine Emergent Wetland,Unconsolidated Shore,Estuarine Emergent Wetland,20418,20418,20418,0,27162.56178,24426.68641,30284.69189,2735.875372,0.203006937,0.076939344,0.332537524,0.255598179,0.237189505,0.191284374,0.295088067,0.103803693,0.138221625,0.122683539,0.155478268,0.03279473,-0.174107163,-0.292851274,-0.056983797,0.235867477
488,187,Bare Land to Palustrine Forested Wetland,Bare Land,Palustrine Forested Wetland,87,79,96,17,118.233618,103.4388433,134.8109653,14.79477474,9.410331294,7.546473581,11.83479946,4.288325876,0.241512738,0.196875288,0.297028722,0.100153434,9.473478224,7.636005644,11.88152101,4.245515362,-0.273417424,-0.664253901,-0.112624018,0.551629884
489,820,Bare Land to Palustrine Scrub/Shrub Wetland,Bare Land,Palustrine Scrub/Shrub Wetland,541,527,554,27,760.2225514,674.4026585,852.1835179,85.81989288,0.874045304,0.249552375,2.069706671,1.820154295,0.250701925,0.201037955,0.311142312,0.110104357,0.923596375,0.402435632,2.138336313,1.735900681,-0.282936554,-0.688383662,-0.115942154,0.572441508
490,2462,Bare Land to Palustrine Emergent Wetland,Bare Land,Palustrine Emergent Wetland,1402,1374,1431,57,2186.680759,1939.699441,2465.832679,246.9813179,0.125728666,-0.321011429,0.323803482,0.644814911,0.278090442,0.222655242,0.348297716,0.125642474,0.162032108,0.142232896,0.184572448,0.042339552,-0.315202912,-0.766932236,-0.129964583,0.636967653
491,22,Bare Land to Estuarine Forested Wetland,Bare Land,Estuarine Forested Wetland,22,22,22,0,28.65159477,24.61514008,31.78009917,4.036454696,9.130717762,7.184912666,11.55268852,4.367775857,0.230919314,0.18296341,0.288570337,0.105606926,9.065147009,7.128011206,11.48011601,4.352104809,-0.168484212,-0.285041523,-0.055610862,0.229430662
492,745,Bare Land to Estuarine Scrub/Shrub Wetland,Bare Land,Estuarine Scrub/Shrub Wetland,745,745,745,0,826.798026,605.5675208,1142.603682,221.2305053,0.789332059,0.342010596,1.85417392,1.512163323,0.19839699,0.137761561,0.287731137,0.149969576,0.73095074,0.303457625,1.784197294,1.48073967,-0.143272869,-0.271112324,-0.046837589,0.224274735
493,8574,Bare Land to Estuarine Emergent Wetland,Bare Land,Estuarine Emergent Wetland,8574,8574,8574,0,11406.20064,10257.34202,12717.25675,1148.858627,0.203006937,0.076939344,0.332537524,0.255598179,0.237189505,0.191284374,0.295088067,0.103803693,0.138221625,0.122683539,0.155478268,0.03279473,-0.174107163,-0.292851274,-0.056983797,0.235867477
513,1234,Water to Palustrine Forested Wetland,Water,Palustrine Forested Wetland,883,862,903,41,1195.666614,1094.664894,1308.39275,101.0017196,9.410331294,7.546473581,11.83479946,4.288325876,0.241512738,0.196875288,0.297028722,0.100153434,9.473478224,7.636005644,11.88152101,4.245515362,-0.273417424,-0.664253901,-0.112624018,0.551629884
514,10407,Water to Palustrine Scrub/Shrub Wetland,Water,Palustrine Scrub/Shrub Wetland,6879,6817,6944,127,9674.424003,8604.468582,10834.49126,1069.955421,0.874045304,0.249552375,2.069706671,1.820154295,0.250701925,0.201037955,0.311142312,0.110104357,0.923596375,0.402435632,2.138336313,1.735900681,-0.282936554,-0.688383662,-0.115942154,0.572441508
515,104635,Water to Palustrine Emergent Wetland,Water,Palustrine Emergent Wetland,87426,87255,87589,334,136325.5898,121175.8318,153672.7077,15149.758,0.125728666,-0.321011429,0.323803482,0.644814911,0.278090442,0.222655242,0.348297716,0.125642474,0.162032108,0.142232896,0.184572448,0.042339552,-0.315202912,-0.766932236,-0.129964583,0.636967653
517,622,Water to Estuarine Scrub/Shrub Wetland,Water,Estuarine Scrub/Shrub Wetland,622,622,622,0,690.293117,505.5879167,953.9590474,184.7052004,0.789332059,0.342010596,1.85417392,1.512163323,0.19839699,0.137761561,0.287731137,0.149969576,0.73095074,0.303457625,1.784197294,1.48073967,-0.143272869,-0.271112324,-0.046837589,0.224274735
518,81553,Water to Estuarine Emergent Wetland,Water,Estuarine Emergent Wetland,81553,81553,81553,0,108491.9385,97564.38225,120962.2626,10927.55628,0.203006937,0.076939344,0.332537524,0.255598179,0.237189505,0.191284374,0.295088067,0.103803693,0.138221625,0.122683539,0.155478268,0.03279473,-0.174107163,-0.292851274,-0.056983797,0.235867477
538,1269,Palustrine Aquatic Bed to Palustrine Forested Wetland,Palustrine Aquatic Bed,Palustrine Forested Wetland,927,910,945,35,1255.855911,1151.762178,1372.130164,104.0937328,9.410331294,7.546473581,11.83479946,4.288325876,0.241512738,0.196875288,0.297028722,0.100153434,9.473478224,7.636005644,11.88152101,4.245515362,-0.273417424,-0.664253901,-0.112624018,0.551629884
539,1603,Palustrine Aquatic Bed to Palustrine Scrub/Shrub Wetland,Palustrine Aquatic Bed,Palustrine Scrub/Shrub Wetland,1240,1217,1263,46,1744.358101,1550.034951,1957.907,194.3231498,0.874045304,0.249552375,2.069706671,1.820154295,0.250701925,0.201037955,0.311142312,0.110104357,0.923596375,0.402435632,2.138336313,1.735900681,-0.282936554,-0.688383662,-0.115942154,0.572441508
540,8350,Palustrine Aquatic Bed to Palustrine Emergent Wetland,Palustrine Aquatic Bed,Palustrine Emergent Wetland,7063,7022,7104,82,11013.7593,9793.749753,12415.72385,1220.009545,0.125728666,-0.321011429,0.323803482,0.644814911,0.278090442,0.222655242,0.348297716,0.125642474,0.162032108,0.142232896,0.184572448,0.042339552,-0.315202912,-0.766932236,-0.129964583,0.636967653
543,16,Palustrine Aquatic Bed to Estuarine Emergent Wetland,Palustrine Aquatic Bed,Estuarine Emergent Wetland,16,16,16,0,21.28518898,19.14129604,23.73175974,2.143892935,0.203006937,0.076939344,0.332537524,0.255598179,0.237189505,0.191284374,0.295088067,0.103803693,0.138221625,0.122683539,0.155478268,0.03279473,-0.174107163,-0.292851274,-0.056983797,0.235867477
565,8,Estuarine Aquatic Bed to Palustrine Emergent Wetland,Estuarine Aquatic Bed,Palustrine Emergent Wetland,6,6,7,1,10.09167297,8.488074635,12.06910348,1.603598337,0.125728666,-0.321011429,0.323803482,0.644814911,0.278090442,0.222655242,0.348297716,0.125642474,0.162032108,0.142232896,0.184572448,0.042339552,-0.315202912,-0.766932236,-0.129964583,0.636967653
567,431,Estuarine Aquatic Bed to Estuarine Scrub/Shrub Wetland,Estuarine Aquatic Bed,Estuarine Scrub/Shrub Wetland,431,431,431,0,478.3220795,350.3350355,661.0230698,127.987044,0.789332059,0.342010596,1.85417392,1.512163323,0.19839699,0.137761561,0.287731137,0.149969576,0.73095074,0.303457625,1.784197294,1.48073967,-0.143272869,-0.271112324,-0.046837589,0.224274735
568,5704,Estuarine Aquatic Bed to Estuarine Emergent Wetland,Estuarine Aquatic Bed,Estuarine Emergent Wetland,5704,5704,5704,0,7588.16987,6823.872039,8460.372346,764.2978314,0.203006937,0.076939344,0.332537524,0.255598179,0.237189505,0.191284374,0.295088067,0.103803693,0.138221625,0.122683539,0.155478268,0.03279473,-0.174107163,-0.292851274,-0.056983797,0.235867477
